cost,value,constr,config
65.0,0.61965,16.0,c1
56.0,0.516375,17.0,c2
95.0,0.6561000000000001,26.0,c3

